    i,        x,     lat,   solar_mon
    1, -0.99750, -85.948, 1.737092E+02
    2, -0.99250, -82.978, 1.755807E+02
    3, -0.98750, -80.931, 1.774785E+02
    4, -0.98250, -79.265, 1.794077E+02
    5, -0.97750, -77.823, 1.813676E+02
    6, -0.97250, -76.532, 1.833589E+02
    7, -0.96750, -75.353, 1.853821E+02
    8, -0.96250, -74.259, 1.874381E+02
    9, -0.95750, -73.236, 1.895315E+02
   10, -0.95250, -72.270, 1.916628E+02
   11, -0.94750, -71.352, 1.938338E+02
   12, -0.94250, -70.476, 1.960483E+02
   13, -0.93750, -69.636, 1.983112E+02
   14, -0.93250, -68.828, 2.006288E+02
   15, -0.92750, -68.048, 2.030085E+02
   16, -0.92250, -67.294, 2.054702E+02
   17, -0.91750, -66.563, 2.080461E+02
   18, -0.91250, -65.853, 2.107760E+02
   19, -0.90750, -65.162, 2.135901E+02
   20, -0.90250, -64.489, 2.164412E+02
   21, -0.89750, -63.831, 2.193017E+02
   22, -0.89250, -63.189, 2.221573E+02
   23, -0.88750, -62.561, 2.250004E+02
   24, -0.88250, -61.945, 2.278233E+02
   25, -0.87750, -61.342, 2.306217E+02
   26, -0.87250, -60.750, 2.333924E+02
   27, -0.86750, -60.169, 2.361330E+02
   28, -0.86250, -59.598, 2.388424E+02
   29, -0.85750, -59.037, 2.415191E+02
   30, -0.85250, -58.485, 2.441626E+02
   31, -0.84750, -57.941, 2.467725E+02
   32, -0.84250, -57.405, 2.493487E+02
   33, -0.83750, -56.877, 2.518913E+02
   34, -0.83250, -56.356, 2.544004E+02
   35, -0.82750, -55.843, 2.568762E+02
   36, -0.82250, -55.336, 2.593190E+02
   37, -0.81750, -54.835, 2.617289E+02
   38, -0.81250, -54.341, 2.641067E+02
   39, -0.80750, -53.852, 2.664528E+02
   40, -0.80250, -53.370, 2.687677E+02
   41, -0.79750, -52.892, 2.710517E+02
   42, -0.79250, -52.420, 2.733055E+02
   43, -0.78750, -51.952, 2.755293E+02
   44, -0.78250, -51.490, 2.777238E+02
   45, -0.77750, -51.032, 2.798893E+02
   46, -0.77250, -50.579, 2.820265E+02
   47, -0.76750, -50.130, 2.841360E+02
   48, -0.76250, -49.685, 2.862180E+02
   49, -0.75750, -49.244, 2.882730E+02
   50, -0.75250, -48.807, 2.903011E+02
   51, -0.74750, -48.374, 2.923033E+02
   52, -0.74250, -47.945, 2.942799E+02
   53, -0.73750, -47.519, 2.962313E+02
   54, -0.73250, -47.096, 2.981579E+02
   55, -0.72750, -46.677, 3.000601E+02
   56, -0.72250, -46.261, 3.019384E+02
   57, -0.71750, -45.848, 3.037928E+02
   58, -0.71250, -45.439, 3.056241E+02
   59, -0.70750, -45.032, 3.074325E+02
   60, -0.70250, -44.628, 3.092183E+02
   61, -0.69750, -44.227, 3.109819E+02
   62, -0.69250, -43.828, 3.127235E+02
   63, -0.68750, -43.433, 3.144438E+02
   64, -0.68250, -43.039, 3.161429E+02
   65, -0.67750, -42.649, 3.178211E+02
   66, -0.67250, -42.260, 3.194787E+02
   67, -0.66750, -41.874, 3.211157E+02
   68, -0.66250, -41.491, 3.227327E+02
   69, -0.65750, -41.109, 3.243300E+02
   70, -0.65250, -40.730, 3.259076E+02
   71, -0.64750, -40.353, 3.274661E+02
   72, -0.64250, -39.978, 3.290056E+02
   73, -0.63750, -39.606, 3.305263E+02
   74, -0.63250, -39.235, 3.320286E+02
   75, -0.62750, -38.866, 3.335126E+02
   76, -0.62250, -38.499, 3.349786E+02
   77, -0.61750, -38.134, 3.364268E+02
   78, -0.61250, -37.770, 3.378573E+02
   79, -0.60750, -37.409, 3.392704E+02
   80, -0.60250, -37.049, 3.406663E+02
   81, -0.59750, -36.691, 3.420450E+02
   82, -0.59250, -36.335, 3.434071E+02
   83, -0.58750, -35.980, 3.447525E+02
   84, -0.58250, -35.627, 3.460816E+02
   85, -0.57750, -35.275, 3.473944E+02
   86, -0.57250, -34.925, 3.486910E+02
   87, -0.56750, -34.576, 3.499718E+02
   88, -0.56250, -34.229, 3.512369E+02
   89, -0.55750, -33.883, 3.524863E+02
   90, -0.55250, -33.539, 3.537203E+02
   91, -0.54750, -33.196, 3.549391E+02
   92, -0.54250, -32.854, 3.561428E+02
   93, -0.53750, -32.514, 3.573315E+02
   94, -0.53250, -32.175, 3.585054E+02
   95, -0.52750, -31.837, 3.596645E+02
   96, -0.52250, -31.500, 3.608091E+02
   97, -0.51750, -31.165, 3.619392E+02
   98, -0.51250, -30.830, 3.630550E+02
   99, -0.50750, -30.497, 3.641567E+02
  100, -0.50250, -30.166, 3.652444E+02
  101, -0.49750, -29.835, 3.663183E+02
  102, -0.49250, -29.505, 3.673783E+02
  103, -0.48750, -29.176, 3.684245E+02
  104, -0.48250, -28.849, 3.694571E+02
  105, -0.47750, -28.522, 3.704763E+02
  106, -0.47250, -28.197, 3.714823E+02
  107, -0.46750, -27.872, 3.724750E+02
  108, -0.46250, -27.549, 3.734546E+02
  109, -0.45750, -27.226, 3.744211E+02
  110, -0.45250, -26.904, 3.753746E+02
  111, -0.44750, -26.583, 3.763152E+02
  112, -0.44250, -26.264, 3.772431E+02
  113, -0.43750, -25.944, 3.781584E+02
  114, -0.43250, -25.626, 3.790611E+02
  115, -0.42750, -25.309, 3.799513E+02
  116, -0.42250, -24.993, 3.808291E+02
  117, -0.41750, -24.677, 3.816945E+02
  118, -0.41250, -24.362, 3.825478E+02
  119, -0.40750, -24.048, 3.833889E+02
  120, -0.40250, -23.735, 3.842180E+02
  121, -0.39750, -23.422, 3.850350E+02
  122, -0.39250, -23.110, 3.858399E+02
  123, -0.38750, -22.799, 3.866329E+02
  124, -0.38250, -22.489, 3.874142E+02
  125, -0.37750, -22.179, 3.881838E+02
  126, -0.37250, -21.870, 3.889418E+02
  127, -0.36750, -21.562, 3.896883E+02
  128, -0.36250, -21.254, 3.904233E+02
  129, -0.35750, -20.947, 3.911467E+02
  130, -0.35250, -20.640, 3.918589E+02
  131, -0.34750, -20.334, 3.925597E+02
  132, -0.34250, -20.029, 3.932493E+02
  133, -0.33750, -19.725, 3.939276E+02
  134, -0.33250, -19.421, 3.945949E+02
  135, -0.32750, -19.117, 3.952510E+02
  136, -0.32250, -18.814, 3.958960E+02
  137, -0.31750, -18.512, 3.965300E+02
  138, -0.31250, -18.210, 3.971531E+02
  139, -0.30750, -17.909, 3.977653E+02
  140, -0.30250, -17.608, 3.983666E+02
  141, -0.29750, -17.308, 3.989572E+02
  142, -0.29250, -17.008, 3.995370E+02
  143, -0.28750, -16.708, 4.001061E+02
  144, -0.28250, -16.409, 4.006646E+02
  145, -0.27750, -16.111, 4.012126E+02
  146, -0.27250, -15.813, 4.017501E+02
  147, -0.26750, -15.516, 4.022770E+02
  148, -0.26250, -15.218, 4.027933E+02
  149, -0.25750, -14.922, 4.032992E+02
  150, -0.25250, -14.625, 4.037945E+02
  151, -0.24750, -14.330, 4.042795E+02
  152, -0.24250, -14.034, 4.047540E+02
  153, -0.23750, -13.739, 4.052182E+02
  154, -0.23250, -13.444, 4.056724E+02
  155, -0.22750, -13.150, 4.061165E+02
  156, -0.22250, -12.856, 4.065506E+02
  157, -0.21750, -12.562, 4.069744E+02
  158, -0.21250, -12.269, 4.073881E+02
  159, -0.20750, -11.976, 4.077916E+02
  160, -0.20250, -11.683, 4.081850E+02
  161, -0.19750, -11.391, 4.085683E+02
  162, -0.19250, -11.099, 4.089415E+02
  163, -0.18750, -10.807, 4.093047E+02
  164, -0.18250, -10.515, 4.096579E+02
  165, -0.17750, -10.224, 4.100013E+02
  166, -0.17250,  -9.933, 4.103348E+02
  167, -0.16750,  -9.642, 4.106585E+02
  168, -0.16250,  -9.352, 4.109723E+02
  169, -0.15750,  -9.062, 4.112763E+02
  170, -0.15250,  -8.772, 4.115705E+02
  171, -0.14750,  -8.482, 4.118550E+02
  172, -0.14250,  -8.193, 4.121298E+02
  173, -0.13750,  -7.903, 4.123949E+02
  174, -0.13250,  -7.614, 4.126502E+02
  175, -0.12750,  -7.325, 4.128956E+02
  176, -0.12250,  -7.036, 4.131312E+02
  177, -0.11750,  -6.748, 4.133571E+02
  178, -0.11250,  -6.459, 4.135734E+02
  179, -0.10750,  -6.171, 4.137802E+02
  180, -0.10250,  -5.883, 4.139774E+02
  181, -0.09750,  -5.595, 4.141649E+02
  182, -0.09250,  -5.307, 4.143427E+02
  183, -0.08750,  -5.020, 4.145108E+02
  184, -0.08250,  -4.732, 4.146692E+02
  185, -0.07750,  -4.445, 4.148183E+02
  186, -0.07250,  -4.158, 4.149578E+02
  187, -0.06750,  -3.870, 4.150879E+02
  188, -0.06250,  -3.583, 4.152084E+02
  189, -0.05750,  -3.296, 4.153193E+02
  190, -0.05250,  -3.009, 4.154205E+02
  191, -0.04750,  -2.723, 4.155122E+02
  192, -0.04250,  -2.436, 4.155944E+02
  193, -0.03750,  -2.149, 4.156672E+02
  194, -0.03250,  -1.862, 4.157305E+02
  195, -0.02750,  -1.576, 4.157843E+02
  196, -0.02250,  -1.289, 4.158286E+02
  197, -0.01750,  -1.003, 4.158633E+02
  198, -0.01250,  -0.716, 4.158886E+02
  199, -0.00750,  -0.430, 4.159043E+02
  200, -0.00250,  -0.143, 4.159106E+02
  201,  0.00250,   0.143, 4.159073E+02
  202,  0.00750,   0.430, 4.158947E+02
  203,  0.01250,   0.716, 4.158727E+02
  204,  0.01750,   1.003, 4.158413E+02
  205,  0.02250,   1.289, 4.158004E+02
  206,  0.02750,   1.576, 4.157498E+02
  207,  0.03250,   1.862, 4.156896E+02
  208,  0.03750,   2.149, 4.156197E+02
  209,  0.04250,   2.436, 4.155404E+02
  210,  0.04750,   2.723, 4.154516E+02
  211,  0.05250,   3.009, 4.153534E+02
  212,  0.05750,   3.296, 4.152457E+02
  213,  0.06250,   3.583, 4.151285E+02
  214,  0.06750,   3.870, 4.150019E+02
  215,  0.07250,   4.158, 4.148659E+02
  216,  0.07750,   4.445, 4.147202E+02
  217,  0.08250,   4.732, 4.145650E+02
  218,  0.08750,   5.020, 4.144001E+02
  219,  0.09250,   5.307, 4.142256E+02
  220,  0.09750,   5.595, 4.140414E+02
  221,  0.10250,   5.883, 4.138476E+02
  222,  0.10750,   6.171, 4.136442E+02
  223,  0.11250,   6.459, 4.134311E+02
  224,  0.11750,   6.748, 4.132084E+02
  225,  0.12250,   7.036, 4.129760E+02
  226,  0.12750,   7.325, 4.127340E+02
  227,  0.13250,   7.614, 4.124822E+02
  228,  0.13750,   7.903, 4.122207E+02
  229,  0.14250,   8.193, 4.119495E+02
  230,  0.14750,   8.482, 4.116685E+02
  231,  0.15250,   8.772, 4.113777E+02
  232,  0.15750,   9.062, 4.110772E+02
  233,  0.16250,   9.352, 4.107669E+02
  234,  0.16750,   9.642, 4.104468E+02
  235,  0.17250,   9.933, 4.101169E+02
  236,  0.17750,  10.224, 4.097772E+02
  237,  0.18250,  10.515, 4.094274E+02
  238,  0.18750,  10.807, 4.090677E+02
  239,  0.19250,  11.099, 4.086980E+02
  240,  0.19750,  11.391, 4.083182E+02
  241,  0.20250,  11.683, 4.079285E+02
  242,  0.20750,  11.976, 4.075287E+02
  243,  0.21250,  12.269, 4.071189E+02
  244,  0.21750,  12.562, 4.066991E+02
  245,  0.22250,  12.856, 4.062694E+02
  246,  0.22750,  13.150, 4.058295E+02
  247,  0.23250,  13.444, 4.053793E+02
  248,  0.23750,  13.739, 4.049186E+02
  249,  0.24250,  14.034, 4.044475E+02
  250,  0.24750,  14.330, 4.039661E+02
  251,  0.25250,  14.625, 4.034746E+02
  252,  0.25750,  14.922, 4.029728E+02
  253,  0.26250,  15.218, 4.024608E+02
  254,  0.26750,  15.516, 4.019382E+02
  255,  0.27250,  15.813, 4.014050E+02
  256,  0.27750,  16.111, 4.008612E+02
  257,  0.28250,  16.409, 4.003068E+02
  258,  0.28750,  16.708, 3.997419E+02
  259,  0.29250,  17.008, 3.991663E+02
  260,  0.29750,  17.308, 3.985801E+02
  261,  0.30250,  17.608, 3.979832E+02
  262,  0.30750,  17.909, 3.973756E+02
  263,  0.31250,  18.210, 3.967572E+02
  264,  0.31750,  18.512, 3.961279E+02
  265,  0.32250,  18.814, 3.954874E+02
  266,  0.32750,  19.117, 3.948359E+02
  267,  0.33250,  19.421, 3.941734E+02
  268,  0.33750,  19.725, 3.935000E+02
  269,  0.34250,  20.029, 3.928156E+02
  270,  0.34750,  20.334, 3.921200E+02
  271,  0.35250,  20.640, 3.914129E+02
  272,  0.35750,  20.947, 3.906943E+02
  273,  0.36250,  21.254, 3.899643E+02
  274,  0.36750,  21.562, 3.892228E+02
  275,  0.37250,  21.870, 3.884699E+02
  276,  0.37750,  22.179, 3.877055E+02
  277,  0.38250,  22.489, 3.869295E+02
  278,  0.38750,  22.799, 3.861420E+02
  279,  0.39250,  23.110, 3.853428E+02
  280,  0.39750,  23.422, 3.845316E+02
  281,  0.40250,  23.735, 3.837082E+02
  282,  0.40750,  24.048, 3.828726E+02
  283,  0.41250,  24.362, 3.820249E+02
  284,  0.41750,  24.677, 3.811652E+02
  285,  0.42250,  24.993, 3.802935E+02
  286,  0.42750,  25.309, 3.794095E+02
  287,  0.43250,  25.626, 3.785131E+02
  288,  0.43750,  25.944, 3.776043E+02
  289,  0.44250,  26.264, 3.766828E+02
  290,  0.44750,  26.583, 3.757486E+02
  291,  0.45250,  26.904, 3.748015E+02
  292,  0.45750,  27.226, 3.738415E+02
  293,  0.46250,  27.549, 3.728685E+02
  294,  0.46750,  27.872, 3.718827E+02
  295,  0.47250,  28.197, 3.708838E+02
  296,  0.47750,  28.522, 3.698715E+02
  297,  0.48250,  28.849, 3.688458E+02
  298,  0.48750,  29.176, 3.678067E+02
  299,  0.49250,  29.505, 3.667542E+02
  300,  0.49750,  29.835, 3.656881E+02
  301,  0.50250,  30.166, 3.646085E+02
  302,  0.50750,  30.497, 3.635146E+02
  303,  0.51250,  30.830, 3.624063E+02
  304,  0.51750,  31.165, 3.612835E+02
  305,  0.52250,  31.500, 3.601467E+02
  306,  0.52750,  31.837, 3.589960E+02
  307,  0.53250,  32.175, 3.578311E+02
  308,  0.53750,  32.514, 3.566512E+02
  309,  0.54250,  32.854, 3.554561E+02
  310,  0.54750,  33.196, 3.542459E+02
  311,  0.55250,  33.539, 3.530206E+02
  312,  0.55750,  33.883, 3.517802E+02
  313,  0.56250,  34.229, 3.505246E+02
  314,  0.56750,  34.576, 3.492532E+02
  315,  0.57250,  34.925, 3.479661E+02
  316,  0.57750,  35.275, 3.466631E+02
  317,  0.58250,  35.627, 3.453439E+02
  318,  0.58750,  35.980, 3.440085E+02
  319,  0.59250,  36.335, 3.426567E+02
  320,  0.59750,  36.691, 3.412882E+02
  321,  0.60250,  37.049, 3.399031E+02
  322,  0.60750,  37.409, 3.385009E+02
  323,  0.61250,  37.770, 3.370814E+02
  324,  0.61750,  38.134, 3.356447E+02
  325,  0.62250,  38.499, 3.341903E+02
  326,  0.62750,  38.866, 3.327179E+02
  327,  0.63250,  39.235, 3.312276E+02
  328,  0.63750,  39.606, 3.297189E+02
  329,  0.64250,  39.978, 3.281919E+02
  330,  0.64750,  40.353, 3.266461E+02
  331,  0.65250,  40.730, 3.250812E+02
  332,  0.65750,  41.109, 3.234972E+02
  333,  0.66250,  41.491, 3.218935E+02
  334,  0.66750,  41.874, 3.202700E+02
  335,  0.67250,  42.260, 3.186265E+02
  336,  0.67750,  42.649, 3.169627E+02
  337,  0.68250,  43.039, 3.152784E+02
  338,  0.68750,  43.433, 3.135732E+02
  339,  0.69250,  43.828, 3.118466E+02
  340,  0.69750,  44.227, 3.100985E+02
  341,  0.70250,  44.628, 3.083285E+02
  342,  0.70750,  45.032, 3.065363E+02
  343,  0.71250,  45.439, 3.047216E+02
  344,  0.71750,  45.848, 3.028839E+02
  345,  0.72250,  46.261, 3.010231E+02
  346,  0.72750,  46.677, 2.991385E+02
  347,  0.73250,  47.096, 2.972301E+02
  348,  0.73750,  47.519, 2.952972E+02
  349,  0.74250,  47.945, 2.933394E+02
  350,  0.74750,  48.374, 2.913564E+02
  351,  0.75250,  48.807, 2.893477E+02
  352,  0.75750,  49.244, 2.873131E+02
  353,  0.76250,  49.685, 2.852519E+02
  354,  0.76750,  50.130, 2.831639E+02
  355,  0.77250,  50.579, 2.810482E+02
  356,  0.77750,  51.032, 2.789047E+02
  357,  0.78250,  51.490, 2.767328E+02
  358,  0.78750,  51.952, 2.745318E+02
  359,  0.79250,  52.420, 2.723016E+02
  360,  0.79750,  52.892, 2.700415E+02
  361,  0.80250,  53.370, 2.677512E+02
  362,  0.80750,  53.852, 2.654300E+02
  363,  0.81250,  54.341, 2.630776E+02
  364,  0.81750,  54.835, 2.606933E+02
  365,  0.82250,  55.336, 2.582769E+02
  366,  0.82750,  55.843, 2.558278E+02
  367,  0.83250,  56.356, 2.533458E+02
  368,  0.83750,  56.877, 2.508305E+02
  369,  0.84250,  57.405, 2.482818E+02
  370,  0.84750,  57.941, 2.456992E+02
  371,  0.85250,  58.485, 2.430828E+02
  372,  0.85750,  59.037, 2.404330E+02
  373,  0.86250,  59.598, 2.377501E+02
  374,  0.86750,  60.169, 2.350344E+02
  375,  0.87250,  60.750, 2.322872E+02
  376,  0.87750,  61.342, 2.295099E+02
  377,  0.88250,  61.945, 2.267055E+02
  378,  0.88750,  62.561, 2.238766E+02
  379,  0.89250,  63.189, 2.210269E+02
  380,  0.89750,  63.831, 2.181647E+02
  381,  0.90250,  64.489, 2.152979E+02
  382,  0.90750,  65.162, 2.124407E+02
  383,  0.91250,  65.853, 2.096201E+02
  384,  0.91750,  66.563, 2.068835E+02
  385,  0.92250,  67.294, 2.043018E+02
  386,  0.92750,  68.048, 2.018336E+02
  387,  0.93250,  68.828, 1.994474E+02
  388,  0.93750,  69.636, 1.971238E+02
  389,  0.94250,  70.476, 1.948544E+02
  390,  0.94750,  71.352, 1.926333E+02
  391,  0.95250,  72.270, 1.904557E+02
  392,  0.95750,  73.236, 1.883187E+02
  393,  0.96250,  74.259, 1.862189E+02
  394,  0.96750,  75.353, 1.841565E+02
  395,  0.97250,  76.532, 1.821273E+02
  396,  0.97750,  77.823, 1.801291E+02
  397,  0.98250,  79.265, 1.781628E+02
  398,  0.98750,  80.931, 1.762269E+02
  399,  0.99250,  82.978, 1.743237E+02
  400,  0.99750,  85.948, 1.724433E+02
