    i,        x,     lat,toa_lw_all_mon
    1, -0.99750, -85.948, 1.508854E+02
    2, -0.99250, -82.978, 1.574050E+02
    3, -0.98750, -80.931, 1.579739E+02
    4, -0.98250, -79.265, 1.579985E+02
    5, -0.97750, -77.823, 1.592813E+02
    6, -0.97250, -76.532, 1.614506E+02
    7, -0.96750, -75.353, 1.643725E+02
    8, -0.96250, -74.259, 1.670237E+02
    9, -0.95750, -73.236, 1.700750E+02
   10, -0.95250, -72.270, 1.734852E+02
   11, -0.94750, -71.352, 1.768713E+02
   12, -0.94250, -70.476, 1.794346E+02
   13, -0.93750, -69.636, 1.824411E+02
   14, -0.93250, -68.828, 1.852226E+02
   15, -0.92750, -68.048, 1.878265E+02
   16, -0.92250, -67.294, 1.902216E+02
   17, -0.91750, -66.563, 1.922138E+02
   18, -0.91250, -65.853, 1.937515E+02
   19, -0.90750, -65.162, 1.950208E+02
   20, -0.90250, -64.489, 1.961568E+02
   21, -0.89750, -63.831, 1.972594E+02
   22, -0.89250, -63.189, 1.982901E+02
   23, -0.88750, -62.561, 1.992430E+02
   24, -0.88250, -61.945, 2.001530E+02
   25, -0.87750, -61.342, 2.010603E+02
   26, -0.87250, -60.750, 2.019694E+02
   27, -0.86750, -60.169, 2.026797E+02
   28, -0.86250, -59.598, 2.032542E+02
   29, -0.85750, -59.037, 2.040098E+02
   30, -0.85250, -58.485, 2.048706E+02
   31, -0.84750, -57.941, 2.057094E+02
   32, -0.84250, -57.405, 2.064955E+02
   33, -0.83750, -56.877, 2.072099E+02
   34, -0.83250, -56.356, 2.078910E+02
   35, -0.82750, -55.843, 2.085576E+02
   36, -0.82250, -55.336, 2.092401E+02
   37, -0.81750, -54.835, 2.099492E+02
   38, -0.81250, -54.341, 2.106868E+02
   39, -0.80750, -53.852, 2.114499E+02
   40, -0.80250, -53.370, 2.121833E+02
   41, -0.79750, -52.892, 2.128688E+02
   42, -0.79250, -52.420, 2.135370E+02
   43, -0.78750, -51.952, 2.142016E+02
   44, -0.78250, -51.490, 2.148678E+02
   45, -0.77750, -51.032, 2.155391E+02
   46, -0.77250, -50.579, 2.162186E+02
   47, -0.76750, -50.130, 2.169102E+02
   48, -0.76250, -49.685, 2.176134E+02
   49, -0.75750, -49.244, 2.183267E+02
   50, -0.75250, -48.807, 2.190499E+02
   51, -0.74750, -48.374, 2.197836E+02
   52, -0.74250, -47.945, 2.205277E+02
   53, -0.73750, -47.519, 2.212746E+02
   54, -0.73250, -47.096, 2.220193E+02
   55, -0.72750, -46.677, 2.227635E+02
   56, -0.72250, -46.261, 2.235104E+02
   57, -0.71750, -45.848, 2.242605E+02
   58, -0.71250, -45.439, 2.250147E+02
   59, -0.70750, -45.032, 2.257733E+02
   60, -0.70250, -44.628, 2.265378E+02
   61, -0.69750, -44.227, 2.273105E+02
   62, -0.69250, -43.828, 2.280911E+02
   63, -0.68750, -43.433, 2.288781E+02
   64, -0.68250, -43.039, 2.296711E+02
   65, -0.67750, -42.649, 2.304662E+02
   66, -0.67250, -42.260, 2.312572E+02
   67, -0.66750, -41.874, 2.320456E+02
   68, -0.66250, -41.491, 2.328502E+02
   69, -0.65750, -41.109, 2.336771E+02
   70, -0.65250, -40.730, 2.345121E+02
   71, -0.64750, -40.353, 2.353151E+02
   72, -0.64250, -39.978, 2.360839E+02
   73, -0.63750, -39.606, 2.368360E+02
   74, -0.63250, -39.235, 2.375856E+02
   75, -0.62750, -38.866, 2.383330E+02
   76, -0.62250, -38.499, 2.390802E+02
   77, -0.61750, -38.134, 2.398278E+02
   78, -0.61250, -37.770, 2.405790E+02
   79, -0.60750, -37.409, 2.413456E+02
   80, -0.60250, -37.049, 2.421286E+02
   81, -0.59750, -36.691, 2.429220E+02
   82, -0.59250, -36.335, 2.437154E+02
   83, -0.58750, -35.980, 2.445086E+02
   84, -0.58250, -35.627, 2.452939E+02
   85, -0.57750, -35.275, 2.460650E+02
   86, -0.57250, -34.925, 2.468224E+02
   87, -0.56750, -34.576, 2.475776E+02
   88, -0.56250, -34.229, 2.483360E+02
   89, -0.55750, -33.883, 2.490976E+02
   90, -0.55250, -33.539, 2.498628E+02
   91, -0.54750, -33.196, 2.506318E+02
   92, -0.54250, -32.854, 2.514034E+02
   93, -0.53750, -32.514, 2.521692E+02
   94, -0.53250, -32.175, 2.529271E+02
   95, -0.52750, -31.837, 2.536786E+02
   96, -0.52250, -31.500, 2.544322E+02
   97, -0.51750, -31.165, 2.551895E+02
   98, -0.51250, -30.830, 2.559461E+02
   99, -0.50750, -30.497, 2.566761E+02
  100, -0.50250, -30.166, 2.573752E+02
  101, -0.49750, -29.835, 2.580474E+02
  102, -0.49250, -29.505, 2.587175E+02
  103, -0.48750, -29.176, 2.593896E+02
  104, -0.48250, -28.849, 2.600609E+02
  105, -0.47750, -28.522, 2.607118E+02
  106, -0.47250, -28.197, 2.613385E+02
  107, -0.46750, -27.872, 2.619424E+02
  108, -0.46250, -27.549, 2.625370E+02
  109, -0.45750, -27.226, 2.631258E+02
  110, -0.45250, -26.904, 2.637089E+02
  111, -0.44750, -26.583, 2.642925E+02
  112, -0.44250, -26.264, 2.648784E+02
  113, -0.43750, -25.944, 2.654663E+02
  114, -0.43250, -25.626, 2.660411E+02
  115, -0.42750, -25.309, 2.665944E+02
  116, -0.42250, -24.993, 2.671264E+02
  117, -0.41750, -24.677, 2.676367E+02
  118, -0.41250, -24.362, 2.681253E+02
  119, -0.40750, -24.048, 2.685921E+02
  120, -0.40250, -23.735, 2.690280E+02
  121, -0.39750, -23.422, 2.694167E+02
  122, -0.39250, -23.110, 2.697578E+02
  123, -0.38750, -22.799, 2.700629E+02
  124, -0.38250, -22.489, 2.703723E+02
  125, -0.37750, -22.179, 2.706895E+02
  126, -0.37250, -21.870, 2.710094E+02
  127, -0.36750, -21.562, 2.712874E+02
  128, -0.36250, -21.254, 2.715134E+02
  129, -0.35750, -20.947, 2.716876E+02
  130, -0.35250, -20.640, 2.718174E+02
  131, -0.34750, -20.334, 2.719066E+02
  132, -0.34250, -20.029, 2.719553E+02
  133, -0.33750, -19.725, 2.719753E+02
  134, -0.33250, -19.421, 2.719837E+02
  135, -0.32750, -19.117, 2.719808E+02
  136, -0.32250, -18.814, 2.719610E+02
  137, -0.31750, -18.512, 2.719031E+02
  138, -0.31250, -18.210, 2.718049E+02
  139, -0.30750, -17.909, 2.716676E+02
  140, -0.30250, -17.608, 2.715118E+02
  141, -0.29750, -17.308, 2.713445E+02
  142, -0.29250, -17.008, 2.711658E+02
  143, -0.28750, -16.708, 2.709606E+02
  144, -0.28250, -16.409, 2.707125E+02
  145, -0.27750, -16.111, 2.704213E+02
  146, -0.27250, -15.813, 2.700921E+02
  147, -0.26750, -15.516, 2.697439E+02
  148, -0.26250, -15.218, 2.693783E+02
  149, -0.25750, -14.922, 2.689960E+02
  150, -0.25250, -14.625, 2.686082E+02
  151, -0.24750, -14.330, 2.682193E+02
  152, -0.24250, -14.034, 2.678293E+02
  153, -0.23750, -13.739, 2.674359E+02
  154, -0.23250, -13.444, 2.670356E+02
  155, -0.22750, -13.150, 2.666282E+02
  156, -0.22250, -12.856, 2.662139E+02
  157, -0.21750, -12.562, 2.657924E+02
  158, -0.21250, -12.269, 2.653639E+02
  159, -0.20750, -11.976, 2.649283E+02
  160, -0.20250, -11.683, 2.644725E+02
  161, -0.19750, -11.391, 2.639869E+02
  162, -0.19250, -11.099, 2.634714E+02
  163, -0.18750, -10.807, 2.629286E+02
  164, -0.18250, -10.515, 2.623670E+02
  165, -0.17750, -10.224, 2.617873E+02
  166, -0.17250,  -9.933, 2.611896E+02
  167, -0.16750,  -9.642, 2.605797E+02
  168, -0.16250,  -9.352, 2.599603E+02
  169, -0.15750,  -9.062, 2.593313E+02
  170, -0.15250,  -8.772, 2.587114E+02
  171, -0.14750,  -8.482, 2.581407E+02
  172, -0.14250,  -8.193, 2.576206E+02
  173, -0.13750,  -7.903, 2.571498E+02
  174, -0.13250,  -7.614, 2.567122E+02
  175, -0.12750,  -7.325, 2.563027E+02
  176, -0.12250,  -7.036, 2.559214E+02
  177, -0.11750,  -6.748, 2.555632E+02
  178, -0.11250,  -6.459, 2.552202E+02
  179, -0.10750,  -6.171, 2.548923E+02
  180, -0.10250,  -5.883, 2.545790E+02
  181, -0.09750,  -5.595, 2.542771E+02
  182, -0.09250,  -5.307, 2.539859E+02
  183, -0.08750,  -5.020, 2.537052E+02
  184, -0.08250,  -4.732, 2.534335E+02
  185, -0.07750,  -4.445, 2.531687E+02
  186, -0.07250,  -4.158, 2.529109E+02
  187, -0.06750,  -3.870, 2.526630E+02
  188, -0.06250,  -3.583, 2.524483E+02
  189, -0.05750,  -3.296, 2.522714E+02
  190, -0.05250,  -3.009, 2.521322E+02
  191, -0.04750,  -2.723, 2.520266E+02
  192, -0.04250,  -2.436, 2.519494E+02
  193, -0.03750,  -2.149, 2.519008E+02
  194, -0.03250,  -1.862, 2.518792E+02
  195, -0.02750,  -1.576, 2.518741E+02
  196, -0.02250,  -1.289, 2.518840E+02
  197, -0.01750,  -1.003, 2.519086E+02
  198, -0.01250,  -0.716, 2.519087E+02
  199, -0.00750,  -0.430, 2.518432E+02
  200, -0.00250,  -0.143, 2.517124E+02
  201,  0.00250,   0.143, 2.515139E+02
  202,  0.00750,   0.430, 2.512353E+02
  203,  0.01250,   0.716, 2.508745E+02
  204,  0.01750,   1.003, 2.504315E+02
  205,  0.02250,   1.289, 2.499211E+02
  206,  0.02750,   1.576, 2.493576E+02
  207,  0.03250,   1.862, 2.487409E+02
  208,  0.03750,   2.149, 2.480742E+02
  209,  0.04250,   2.436, 2.473741E+02
  210,  0.04750,   2.723, 2.466434E+02
  211,  0.05250,   3.009, 2.458820E+02
  212,  0.05750,   3.296, 2.451047E+02
  213,  0.06250,   3.583, 2.443247E+02
  214,  0.06750,   3.870, 2.435418E+02
  215,  0.07250,   4.158, 2.427653E+02
  216,  0.07750,   4.445, 2.420412E+02
  217,  0.08250,   4.732, 2.413757E+02
  218,  0.08750,   5.020, 2.407690E+02
  219,  0.09250,   5.307, 2.402650E+02
  220,  0.09750,   5.595, 2.398975E+02
  221,  0.10250,   5.883, 2.396663E+02
  222,  0.10750,   6.171, 2.395700E+02
  223,  0.11250,   6.459, 2.396019E+02
  224,  0.11750,   6.748, 2.397612E+02
  225,  0.12250,   7.036, 2.400479E+02
  226,  0.12750,   7.325, 2.404537E+02
  227,  0.13250,   7.614, 2.409736E+02
  228,  0.13750,   7.903, 2.416075E+02
  229,  0.14250,   8.193, 2.423418E+02
  230,  0.14750,   8.482, 2.431325E+02
  231,  0.15250,   8.772, 2.439760E+02
  232,  0.15750,   9.062, 2.448728E+02
  233,  0.16250,   9.352, 2.458338E+02
  234,  0.16750,   9.642, 2.468639E+02
  235,  0.17250,   9.933, 2.479632E+02
  236,  0.17750,  10.224, 2.491145E+02
  237,  0.18250,  10.515, 2.502787E+02
  238,  0.18750,  10.807, 2.514541E+02
  239,  0.19250,  11.099, 2.526389E+02
  240,  0.19750,  11.391, 2.538069E+02
  241,  0.20250,  11.683, 2.549504E+02
  242,  0.20750,  11.976, 2.560694E+02
  243,  0.21250,  12.269, 2.571565E+02
  244,  0.21750,  12.562, 2.582018E+02
  245,  0.22250,  12.856, 2.592051E+02
  246,  0.22750,  13.150, 2.601656E+02
  247,  0.23250,  13.444, 2.610784E+02
  248,  0.23750,  13.739, 2.619427E+02
  249,  0.24250,  14.034, 2.627586E+02
  250,  0.24750,  14.330, 2.635395E+02
  251,  0.25250,  14.625, 2.642942E+02
  252,  0.25750,  14.922, 2.650226E+02
  253,  0.26250,  15.218, 2.657183E+02
  254,  0.26750,  15.516, 2.663648E+02
  255,  0.27250,  15.813, 2.669612E+02
  256,  0.27750,  16.111, 2.675082E+02
  257,  0.28250,  16.409, 2.680113E+02
  258,  0.28750,  16.708, 2.684721E+02
  259,  0.29250,  17.008, 2.688907E+02
  260,  0.29750,  17.308, 2.692654E+02
  261,  0.30250,  17.608, 2.695948E+02
  262,  0.30750,  17.909, 2.698789E+02
  263,  0.31250,  18.210, 2.701243E+02
  264,  0.31750,  18.512, 2.703493E+02
  265,  0.32250,  18.814, 2.705554E+02
  266,  0.32750,  19.117, 2.707439E+02
  267,  0.33250,  19.421, 2.709292E+02
  268,  0.33750,  19.725, 2.711149E+02
  269,  0.34250,  20.029, 2.713008E+02
  270,  0.34750,  20.334, 2.714615E+02
  271,  0.35250,  20.640, 2.715797E+02
  272,  0.35750,  20.947, 2.716551E+02
  273,  0.36250,  21.254, 2.716864E+02
  274,  0.36750,  21.562, 2.716706E+02
  275,  0.37250,  21.870, 2.716077E+02
  276,  0.37750,  22.179, 2.715001E+02
  277,  0.38250,  22.489, 2.713587E+02
  278,  0.38750,  22.799, 2.711847E+02
  279,  0.39250,  23.110, 2.709795E+02
  280,  0.39750,  23.422, 2.707578E+02
  281,  0.40250,  23.735, 2.705237E+02
  282,  0.40750,  24.048, 2.702771E+02
  283,  0.41250,  24.362, 2.700036E+02
  284,  0.41750,  24.677, 2.696954E+02
  285,  0.42250,  24.993, 2.693523E+02
  286,  0.42750,  25.309, 2.689827E+02
  287,  0.43250,  25.626, 2.685951E+02
  288,  0.43750,  25.944, 2.681898E+02
  289,  0.44250,  26.264, 2.677361E+02
  290,  0.44750,  26.583, 2.671770E+02
  291,  0.45250,  26.904, 2.665113E+02
  292,  0.45750,  27.226, 2.657540E+02
  293,  0.46250,  27.549, 2.649478E+02
  294,  0.46750,  27.872, 2.640953E+02
  295,  0.47250,  28.197, 2.632111E+02
  296,  0.47750,  28.522, 2.623532E+02
  297,  0.48250,  28.849, 2.615275E+02
  298,  0.48750,  29.176, 2.607213E+02
  299,  0.49250,  29.505, 2.598692E+02
  300,  0.49750,  29.835, 2.589620E+02
  301,  0.50250,  30.166, 2.580158E+02
  302,  0.50750,  30.497, 2.571250E+02
  303,  0.51250,  30.830, 2.563052E+02
  304,  0.51750,  31.165, 2.555441E+02
  305,  0.52250,  31.500, 2.547670E+02
  306,  0.52750,  31.837, 2.539612E+02
  307,  0.53250,  32.175, 2.531192E+02
  308,  0.53750,  32.514, 2.521985E+02
  309,  0.54250,  32.854, 2.511928E+02
  310,  0.54750,  33.196, 2.501300E+02
  311,  0.55250,  33.539, 2.491348E+02
  312,  0.55750,  33.883, 2.482223E+02
  313,  0.56250,  34.229, 2.473599E+02
  314,  0.56750,  34.576, 2.464405E+02
  315,  0.57250,  34.925, 2.454560E+02
  316,  0.57750,  35.275, 2.444808E+02
  317,  0.58250,  35.627, 2.436742E+02
  318,  0.58750,  35.980, 2.430416E+02
  319,  0.59250,  36.335, 2.424893E+02
  320,  0.59750,  36.691, 2.419024E+02
  321,  0.60250,  37.049, 2.412808E+02
  322,  0.60750,  37.409, 2.406334E+02
  323,  0.61250,  37.770, 2.399655E+02
  324,  0.61750,  38.134, 2.392825E+02
  325,  0.62250,  38.499, 2.386430E+02
  326,  0.62750,  38.866, 2.380627E+02
  327,  0.63250,  39.235, 2.375224E+02
  328,  0.63750,  39.606, 2.369540E+02
  329,  0.64250,  39.978, 2.363515E+02
  330,  0.64750,  40.353, 2.356915E+02
  331,  0.65250,  40.730, 2.349454E+02
  332,  0.65750,  41.109, 2.341195E+02
  333,  0.66250,  41.491, 2.333189E+02
  334,  0.66750,  41.874, 2.325808E+02
  335,  0.67250,  42.260, 2.319086E+02
  336,  0.67750,  42.649, 2.313129E+02
  337,  0.68250,  43.039, 2.307940E+02
  338,  0.68750,  43.433, 2.303020E+02
  339,  0.69250,  43.828, 2.298033E+02
  340,  0.69750,  44.227, 2.292899E+02
  341,  0.70250,  44.628, 2.287249E+02
  342,  0.70750,  45.032, 2.281042E+02
  343,  0.71250,  45.439, 2.274447E+02
  344,  0.71750,  45.848, 2.267589E+02
  345,  0.72250,  46.261, 2.260546E+02
  346,  0.72750,  46.677, 2.253599E+02
  347,  0.73250,  47.096, 2.246770E+02
  348,  0.73750,  47.519, 2.240008E+02
  349,  0.74250,  47.945, 2.233292E+02
  350,  0.74750,  48.374, 2.226689E+02
  351,  0.75250,  48.807, 2.220305E+02
  352,  0.75750,  49.244, 2.214062E+02
  353,  0.76250,  49.685, 2.207580E+02
  354,  0.76750,  50.130, 2.200850E+02
  355,  0.77250,  50.579, 2.194481E+02
  356,  0.77750,  51.032, 2.188684E+02
  357,  0.78250,  51.490, 2.183209E+02
  358,  0.78750,  51.952, 2.177873E+02
  359,  0.79250,  52.420, 2.172774E+02
  360,  0.79750,  52.892, 2.168056E+02
  361,  0.80250,  53.370, 2.163652E+02
  362,  0.80750,  53.852, 2.159414E+02
  363,  0.81250,  54.341, 2.155279E+02
  364,  0.81750,  54.835, 2.151091E+02
  365,  0.82250,  55.336, 2.146814E+02
  366,  0.82750,  55.843, 2.142369E+02
  367,  0.83250,  56.356, 2.137902E+02
  368,  0.83750,  56.877, 2.133855E+02
  369,  0.84250,  57.405, 2.130173E+02
  370,  0.84750,  57.941, 2.126666E+02
  371,  0.85250,  58.485, 2.122637E+02
  372,  0.85750,  59.037, 2.117077E+02
  373,  0.86250,  59.598, 2.111412E+02
  374,  0.86750,  60.169, 2.106569E+02
  375,  0.87250,  60.750, 2.100090E+02
  376,  0.87750,  61.342, 2.091720E+02
  377,  0.88250,  61.945, 2.084036E+02
  378,  0.88750,  62.561, 2.077271E+02
  379,  0.89250,  63.189, 2.071269E+02
  380,  0.89750,  63.831, 2.065047E+02
  381,  0.90250,  64.489, 2.058374E+02
  382,  0.90750,  65.162, 2.051527E+02
  383,  0.91250,  65.853, 2.045199E+02
  384,  0.91750,  66.563, 2.039332E+02
  385,  0.92250,  67.294, 2.033296E+02
  386,  0.92750,  68.048, 2.027798E+02
  387,  0.93250,  68.828, 2.023551E+02
  388,  0.93750,  69.636, 2.021031E+02
  389,  0.94250,  70.476, 2.019696E+02
  390,  0.94750,  71.352, 2.016474E+02
  391,  0.95250,  72.270, 2.011634E+02
  392,  0.95750,  73.236, 2.007974E+02
  393,  0.96250,  74.259, 2.004314E+02
  394,  0.96750,  75.353, 1.995752E+02
  395,  0.97250,  76.532, 1.989440E+02
  396,  0.97750,  77.823, 1.979378E+02
  397,  0.98250,  79.265, 1.970185E+02
  398,  0.98750,  80.931, 1.967458E+02
  399,  0.99250,  82.978, 1.960161E+02
  400,  0.99750,  85.948, 1.949348E+02
