    i,        x,     lat,toa_sw_all_mon
    1, -0.99750, -85.948, 1.192075E+02
    2, -0.99250, -82.978, 1.207357E+02
    3, -0.98750, -80.931, 1.225590E+02
    4, -0.98250, -79.265, 1.240170E+02
    5, -0.97750, -77.823, 1.231754E+02
    6, -0.97250, -76.532, 1.227084E+02
    7, -0.96750, -75.353, 1.238562E+02
    8, -0.96250, -74.259, 1.239184E+02
    9, -0.95750, -73.236, 1.239386E+02
   10, -0.95250, -72.270, 1.248424E+02
   11, -0.94750, -71.352, 1.253285E+02
   12, -0.94250, -70.476, 1.252243E+02
   13, -0.93750, -69.636, 1.239406E+02
   14, -0.93250, -68.828, 1.230899E+02
   15, -0.92750, -68.048, 1.224758E+02
   16, -0.92250, -67.294, 1.213693E+02
   17, -0.91750, -66.563, 1.193768E+02
   18, -0.91250, -65.853, 1.173873E+02
   19, -0.90750, -65.162, 1.158618E+02
   20, -0.90250, -64.489, 1.146746E+02
   21, -0.89750, -63.831, 1.131389E+02
   22, -0.89250, -63.189, 1.119840E+02
   23, -0.88750, -62.561, 1.113836E+02
   24, -0.88250, -61.945, 1.109370E+02
   25, -0.87750, -61.342, 1.106035E+02
   26, -0.87250, -60.750, 1.103354E+02
   27, -0.86750, -60.169, 1.098188E+02
   28, -0.86250, -59.598, 1.091335E+02
   29, -0.85750, -59.037, 1.087219E+02
   30, -0.85250, -58.485, 1.084819E+02
   31, -0.84750, -57.941, 1.082420E+02
   32, -0.84250, -57.405, 1.080827E+02
   33, -0.83750, -56.877, 1.080582E+02
   34, -0.83250, -56.356, 1.081383E+02
   35, -0.82750, -55.843, 1.083047E+02
   36, -0.82250, -55.336, 1.084824E+02
   37, -0.81750, -54.835, 1.086339E+02
   38, -0.81250, -54.341, 1.086023E+02
   39, -0.80750, -53.852, 1.083596E+02
   40, -0.80250, -53.370, 1.082577E+02
   41, -0.79750, -52.892, 1.084113E+02
   42, -0.79250, -52.420, 1.086099E+02
   43, -0.78750, -51.952, 1.087583E+02
   44, -0.78250, -51.490, 1.088480E+02
   45, -0.77750, -51.032, 1.088731E+02
   46, -0.77250, -50.579, 1.088808E+02
   47, -0.76750, -50.130, 1.089344E+02
   48, -0.76250, -49.685, 1.090089E+02
   49, -0.75750, -49.244, 1.090321E+02
   50, -0.75250, -48.807, 1.089977E+02
   51, -0.74750, -48.374, 1.088927E+02
   52, -0.74250, -47.945, 1.087148E+02
   53, -0.73750, -47.519, 1.085095E+02
   54, -0.73250, -47.096, 1.083055E+02
   55, -0.72750, -46.677, 1.080874E+02
   56, -0.72250, -46.261, 1.078193E+02
   57, -0.71750, -45.848, 1.075059E+02
   58, -0.71250, -45.439, 1.072159E+02
   59, -0.70750, -45.032, 1.069684E+02
   60, -0.70250, -44.628, 1.067209E+02
   61, -0.69750, -44.227, 1.064147E+02
   62, -0.69250, -43.828, 1.060536E+02
   63, -0.68750, -43.433, 1.056691E+02
   64, -0.68250, -43.039, 1.052684E+02
   65, -0.67750, -42.649, 1.048562E+02
   66, -0.67250, -42.260, 1.044396E+02
   67, -0.66750, -41.874, 1.040176E+02
   68, -0.66250, -41.491, 1.035748E+02
   69, -0.65750, -41.109, 1.031066E+02
   70, -0.65250, -40.730, 1.026260E+02
   71, -0.64750, -40.353, 1.021709E+02
   72, -0.64250, -39.978, 1.017435E+02
   73, -0.63750, -39.606, 1.013545E+02
   74, -0.63250, -39.235, 1.010122E+02
   75, -0.62750, -38.866, 1.007095E+02
   76, -0.62250, -38.499, 1.003637E+02
   77, -0.61750, -38.134, 9.995161E+01
   78, -0.61250, -37.770, 9.947146E+01
   79, -0.60750, -37.409, 9.891686E+01
   80, -0.60250, -37.049, 9.828719E+01
   81, -0.59750, -36.691, 9.763336E+01
   82, -0.59250, -36.335, 9.704127E+01
   83, -0.58750, -35.980, 9.651230E+01
   84, -0.58250, -35.627, 9.604391E+01
   85, -0.57750, -35.275, 9.563404E+01
   86, -0.57250, -34.925, 9.528187E+01
   87, -0.56750, -34.576, 9.496306E+01
   88, -0.56250, -34.229, 9.466624E+01
   89, -0.55750, -33.883, 9.438562E+01
   90, -0.55250, -33.539, 9.404636E+01
   91, -0.54750, -33.196, 9.362550E+01
   92, -0.54250, -32.854, 9.314179E+01
   93, -0.53750, -32.514, 9.275063E+01
   94, -0.53250, -32.175, 9.248670E+01
   95, -0.52750, -31.837, 9.232888E+01
   96, -0.52250, -31.500, 9.213952E+01
   97, -0.51750, -31.165, 9.189378E+01
   98, -0.51250, -30.830, 9.160109E+01
   99, -0.50750, -30.497, 9.131723E+01
  100, -0.50250, -30.166, 9.105133E+01
  101, -0.49750, -29.835, 9.080399E+01
  102, -0.49250, -29.505, 9.057871E+01
  103, -0.48750, -29.176, 9.037608E+01
  104, -0.48250, -28.849, 9.019413E+01
  105, -0.47750, -28.522, 9.001882E+01
  106, -0.47250, -28.197, 8.984738E+01
  107, -0.46750, -27.872, 8.967786E+01
  108, -0.46250, -27.549, 8.949128E+01
  109, -0.45750, -27.226, 8.928288E+01
  110, -0.45250, -26.904, 8.905314E+01
  111, -0.44750, -26.583, 8.880981E+01
  112, -0.44250, -26.264, 8.855563E+01
  113, -0.43750, -25.944, 8.829213E+01
  114, -0.43250, -25.626, 8.808722E+01
  115, -0.42750, -25.309, 8.797728E+01
  116, -0.42250, -24.993, 8.796226E+01
  117, -0.41750, -24.677, 8.796067E+01
  118, -0.41250, -24.362, 8.789731E+01
  119, -0.40750, -24.048, 8.777216E+01
  120, -0.40250, -23.735, 8.763067E+01
  121, -0.39750, -23.422, 8.755333E+01
  122, -0.39250, -23.110, 8.754170E+01
  123, -0.38750, -22.799, 8.757350E+01
  124, -0.38250, -22.489, 8.757028E+01
  125, -0.37750, -22.179, 8.752517E+01
  126, -0.37250, -21.870, 8.744505E+01
  127, -0.36750, -21.562, 8.738816E+01
  128, -0.36250, -21.254, 8.736774E+01
  129, -0.35750, -20.947, 8.738259E+01
  130, -0.35250, -20.640, 8.737923E+01
  131, -0.34750, -20.334, 8.732900E+01
  132, -0.34250, -20.029, 8.723191E+01
  133, -0.33750, -19.725, 8.712957E+01
  134, -0.33250, -19.421, 8.708230E+01
  135, -0.32750, -19.117, 8.709061E+01
  136, -0.32250, -18.814, 8.715395E+01
  137, -0.31750, -18.512, 8.727023E+01
  138, -0.31250, -18.210, 8.743922E+01
  139, -0.30750, -17.909, 8.765668E+01
  140, -0.30250, -17.608, 8.785579E+01
  141, -0.29750, -17.308, 8.801357E+01
  142, -0.29250, -17.008, 8.813004E+01
  143, -0.28750, -16.708, 8.822186E+01
  144, -0.28250, -16.409, 8.830762E+01
  145, -0.27750, -16.111, 8.838732E+01
  146, -0.27250, -15.813, 8.846983E+01
  147, -0.26750, -15.516, 8.858837E+01
  148, -0.26250, -15.218, 8.874610E+01
  149, -0.25750, -14.922, 8.894129E+01
  150, -0.25250, -14.625, 8.913858E+01
  151, -0.24750, -14.330, 8.932407E+01
  152, -0.24250, -14.034, 8.949778E+01
  153, -0.23750, -13.739, 8.967686E+01
  154, -0.23250, -13.444, 8.988793E+01
  155, -0.22750, -13.150, 9.013130E+01
  156, -0.22250, -12.856, 9.039674E+01
  157, -0.21750, -12.562, 9.062001E+01
  158, -0.21250, -12.269, 9.078991E+01
  159, -0.20750, -11.976, 9.090677E+01
  160, -0.20250, -11.683, 9.102864E+01
  161, -0.19750, -11.391, 9.119823E+01
  162, -0.19250, -11.099, 9.141553E+01
  163, -0.18750, -10.807, 9.167433E+01
  164, -0.18250, -10.515, 9.195390E+01
  165, -0.17750, -10.224, 9.225261E+01
  166, -0.17250,  -9.933, 9.257091E+01
  167, -0.16750,  -9.642, 9.292069E+01
  168, -0.16250,  -9.352, 9.330721E+01
  169, -0.15750,  -9.062, 9.373046E+01
  170, -0.15250,  -8.772, 9.414564E+01
  171, -0.14750,  -8.482, 9.445576E+01
  172, -0.14250,  -8.193, 9.465747E+01
  173, -0.13750,  -7.903, 9.475765E+01
  174, -0.13250,  -7.614, 9.484558E+01
  175, -0.12750,  -7.325, 9.494870E+01
  176, -0.12250,  -7.036, 9.506701E+01
  177, -0.11750,  -6.748, 9.519086E+01
  178, -0.11250,  -6.459, 9.530480E+01
  179, -0.10750,  -6.171, 9.540862E+01
  180, -0.10250,  -5.883, 9.549604E+01
  181, -0.09750,  -5.595, 9.551033E+01
  182, -0.09250,  -5.307, 9.543792E+01
  183, -0.08750,  -5.020, 9.527882E+01
  184, -0.08250,  -4.732, 9.511955E+01
  185, -0.07750,  -4.445, 9.507296E+01
  186, -0.07250,  -4.158, 9.513955E+01
  187, -0.06750,  -3.870, 9.529005E+01
  188, -0.06250,  -3.583, 9.530926E+01
  189, -0.05750,  -3.296, 9.515375E+01
  190, -0.05250,  -3.009, 9.482352E+01
  191, -0.04750,  -2.723, 9.443867E+01
  192, -0.04250,  -2.436, 9.413594E+01
  193, -0.03750,  -2.149, 9.391547E+01
  194, -0.03250,  -1.862, 9.375507E+01
  195, -0.02750,  -1.576, 9.351008E+01
  196, -0.02250,  -1.289, 9.315439E+01
  197, -0.01750,  -1.003, 9.268798E+01
  198, -0.01250,  -0.716, 9.228879E+01
  199, -0.00750,  -0.430, 9.214170E+01
  200, -0.00250,  -0.143, 9.224672E+01
  201,  0.00250,   0.143, 9.259099E+01
  202,  0.00750,   0.430, 9.309731E+01
  203,  0.01250,   0.716, 9.375279E+01
  204,  0.01750,   1.003, 9.455745E+01
  205,  0.02250,   1.289, 9.548162E+01
  206,  0.02750,   1.576, 9.649675E+01
  207,  0.03250,   1.862, 9.760285E+01
  208,  0.03750,   2.149, 9.878280E+01
  209,  0.04250,   2.436, 9.994183E+01
  210,  0.04750,   2.723, 1.010654E+02
  211,  0.05250,   3.009, 1.021536E+02
  212,  0.05750,   3.296, 1.032251E+02
  213,  0.06250,   3.583, 1.042967E+02
  214,  0.06750,   3.870, 1.053682E+02
  215,  0.07250,   4.158, 1.064249E+02
  216,  0.07750,   4.445, 1.073937E+02
  217,  0.08250,   4.732, 1.082646E+02
  218,  0.08750,   5.020, 1.090373E+02
  219,  0.09250,   5.307, 1.096295E+02
  220,  0.09750,   5.595, 1.099780E+02
  221,  0.10250,   5.883, 1.100830E+02
  222,  0.10750,   6.171, 1.099641E+02
  223,  0.11250,   6.459, 1.097041E+02
  224,  0.11750,   6.748, 1.093121E+02
  225,  0.12250,   7.036, 1.087881E+02
  226,  0.12750,   7.325, 1.081421E+02
  227,  0.13250,   7.614, 1.073800E+02
  228,  0.13750,   7.903, 1.065019E+02
  229,  0.14250,   8.193, 1.055201E+02
  230,  0.14750,   8.482, 1.044747E+02
  231,  0.15250,   8.772, 1.033688E+02
  232,  0.15750,   9.062, 1.022038E+02
  233,  0.16250,   9.352, 1.010203E+02
  234,  0.16750,   9.642, 9.983702E+01
  235,  0.17250,   9.933, 9.865395E+01
  236,  0.17750,  10.224, 9.745116E+01
  237,  0.18250,  10.515, 9.618337E+01
  238,  0.18750,  10.807, 9.484884E+01
  239,  0.19250,  11.099, 9.346541E+01
  240,  0.19750,  11.391, 9.225740E+01
  241,  0.20250,  11.683, 9.129231E+01
  242,  0.20750,  11.976, 9.057015E+01
  243,  0.21250,  12.269, 9.003768E+01
  244,  0.21750,  12.562, 8.962253E+01
  245,  0.22250,  12.856, 8.932430E+01
  246,  0.22750,  13.150, 8.913742E+01
  247,  0.23250,  13.444, 8.902995E+01
  248,  0.23750,  13.739, 8.899681E+01
  249,  0.24250,  14.034, 8.903801E+01
  250,  0.24750,  14.330, 8.915321E+01
  251,  0.25250,  14.625, 8.934221E+01
  252,  0.25750,  14.922, 8.960501E+01
  253,  0.26250,  15.218, 8.990782E+01
  254,  0.26750,  15.516, 9.016466E+01
  255,  0.27250,  15.813, 9.037128E+01
  256,  0.27750,  16.111, 9.053631E+01
  257,  0.28250,  16.409, 9.075010E+01
  258,  0.28750,  16.708, 9.103668E+01
  259,  0.29250,  17.008, 9.139605E+01
  260,  0.29750,  17.308, 9.180926E+01
  261,  0.30250,  17.608, 9.225930E+01
  262,  0.30750,  17.909, 9.274618E+01
  263,  0.31250,  18.210, 9.321912E+01
  264,  0.31750,  18.512, 9.353050E+01
  265,  0.32250,  18.814, 9.367089E+01
  266,  0.32750,  19.117, 9.364914E+01
  267,  0.33250,  19.421, 9.355166E+01
  268,  0.33750,  19.725, 9.340035E+01
  269,  0.34250,  20.029, 9.319573E+01
  270,  0.34750,  20.334, 9.300450E+01
  271,  0.35250,  20.640, 9.287265E+01
  272,  0.35750,  20.947, 9.280019E+01
  273,  0.36250,  21.254, 9.277322E+01
  274,  0.36750,  21.562, 9.276584E+01
  275,  0.37250,  21.870, 9.277744E+01
  276,  0.37750,  22.179, 9.280357E+01
  277,  0.38250,  22.489, 9.282455E+01
  278,  0.38750,  22.799, 9.283807E+01
  279,  0.39250,  23.110, 9.284495E+01
  280,  0.39750,  23.422, 9.285461E+01
  281,  0.40250,  23.735, 9.286974E+01
  282,  0.40750,  24.048, 9.289164E+01
  283,  0.41250,  24.362, 9.298853E+01
  284,  0.41750,  24.677, 9.319891E+01
  285,  0.42250,  24.993, 9.352279E+01
  286,  0.42750,  25.309, 9.384869E+01
  287,  0.43250,  25.626, 9.405579E+01
  288,  0.43750,  25.944, 9.414404E+01
  289,  0.44250,  26.264, 9.427384E+01
  290,  0.44750,  26.583, 9.474463E+01
  291,  0.45250,  26.904, 9.556324E+01
  292,  0.45750,  27.226, 9.657939E+01
  293,  0.46250,  27.549, 9.736554E+01
  294,  0.46750,  27.872, 9.789545E+01
  295,  0.47250,  28.197, 9.821228E+01
  296,  0.47750,  28.522, 9.848756E+01
  297,  0.48250,  28.849, 9.873904E+01
  298,  0.48750,  29.176, 9.899211E+01
  299,  0.49250,  29.505, 9.937624E+01
  300,  0.49750,  29.835, 9.990960E+01
  301,  0.50250,  30.166, 1.005135E+02
  302,  0.50750,  30.497, 1.007232E+02
  303,  0.51250,  30.830, 1.004625E+02
  304,  0.51750,  31.165, 9.981235E+01
  305,  0.52250,  31.500, 9.926721E+01
  306,  0.52750,  31.837, 9.891065E+01
  307,  0.53250,  32.175, 9.872689E+01
  308,  0.53750,  32.514, 9.862844E+01
  309,  0.54250,  32.854, 9.860188E+01
  310,  0.54750,  33.196, 9.864695E+01
  311,  0.55250,  33.539, 9.876245E+01
  312,  0.55750,  33.883, 9.894825E+01
  313,  0.56250,  34.229, 9.920735E+01
  314,  0.56750,  34.576, 9.954952E+01
  315,  0.57250,  34.925, 9.997551E+01
  316,  0.57750,  35.275, 1.003867E+02
  317,  0.58250,  35.627, 1.005721E+02
  318,  0.58750,  35.980, 1.005247E+02
  319,  0.59250,  36.335, 1.004191E+02
  320,  0.59750,  36.691, 1.004697E+02
  321,  0.60250,  37.049, 1.006756E+02
  322,  0.60750,  37.409, 1.009581E+02
  323,  0.61250,  37.770, 1.012701E+02
  324,  0.61750,  38.134, 1.016105E+02
  325,  0.62250,  38.499, 1.019646E+02
  326,  0.62750,  38.866, 1.023283E+02
  327,  0.63250,  39.235, 1.026889E+02
  328,  0.63750,  39.606, 1.030007E+02
  329,  0.64250,  39.978, 1.032597E+02
  330,  0.64750,  40.353, 1.035045E+02
  331,  0.65250,  40.730, 1.037824E+02
  332,  0.65750,  41.109, 1.040897E+02
  333,  0.66250,  41.491, 1.043620E+02
  334,  0.66750,  41.874, 1.045767E+02
  335,  0.67250,  42.260, 1.047595E+02
  336,  0.67750,  42.649, 1.049904E+02
  337,  0.68250,  43.039, 1.052742E+02
  338,  0.68750,  43.433, 1.055248E+02
  339,  0.69250,  43.828, 1.056841E+02
  340,  0.69750,  44.227, 1.057718E+02
  341,  0.70250,  44.628, 1.058770E+02
  342,  0.70750,  45.032, 1.060106E+02
  343,  0.71250,  45.439, 1.061559E+02
  344,  0.71750,  45.848, 1.063006E+02
  345,  0.72250,  46.261, 1.064483E+02
  346,  0.72750,  46.677, 1.066119E+02
  347,  0.73250,  47.096, 1.067908E+02
  348,  0.73750,  47.519, 1.069424E+02
  349,  0.74250,  47.945, 1.070487E+02
  350,  0.74750,  48.374, 1.070632E+02
  351,  0.75250,  48.807, 1.069124E+02
  352,  0.75750,  49.244, 1.066331E+02
  353,  0.76250,  49.685, 1.064014E+02
  354,  0.76750,  50.130, 1.062368E+02
  355,  0.77250,  50.579, 1.060934E+02
  356,  0.77750,  51.032, 1.059551E+02
  357,  0.78250,  51.490, 1.057513E+02
  358,  0.78750,  51.952, 1.054293E+02
  359,  0.79250,  52.420, 1.049977E+02
  360,  0.79750,  52.892, 1.044685E+02
  361,  0.80250,  53.370, 1.038500E+02
  362,  0.80750,  53.852, 1.031604E+02
  363,  0.81250,  54.341, 1.024387E+02
  364,  0.81750,  54.835, 1.017953E+02
  365,  0.82250,  55.336, 1.012614E+02
  366,  0.82750,  55.843, 1.009144E+02
  367,  0.83250,  56.356, 1.006283E+02
  368,  0.83750,  56.877, 1.000208E+02
  369,  0.84250,  57.405, 9.910853E+01
  370,  0.84750,  57.941, 9.798439E+01
  371,  0.85250,  58.485, 9.681901E+01
  372,  0.85750,  59.037, 9.585960E+01
  373,  0.86250,  59.598, 9.535356E+01
  374,  0.86750,  60.169, 9.544696E+01
  375,  0.87250,  60.750, 9.552293E+01
  376,  0.87750,  61.342, 9.536720E+01
  377,  0.88250,  61.945, 9.496885E+01
  378,  0.88750,  62.561, 9.439066E+01
  379,  0.89250,  63.189, 9.373847E+01
  380,  0.89750,  63.831, 9.328950E+01
  381,  0.90250,  64.489, 9.316730E+01
  382,  0.90750,  65.162, 9.340985E+01
  383,  0.91250,  65.853, 9.321403E+01
  384,  0.91750,  66.563, 9.275311E+01
  385,  0.92250,  67.294, 9.302437E+01
  386,  0.92750,  68.048, 9.352967E+01
  387,  0.93250,  68.828, 9.409452E+01
  388,  0.93750,  69.636, 9.450339E+01
  389,  0.94250,  70.476, 9.466929E+01
  390,  0.94750,  71.352, 9.584940E+01
  391,  0.95250,  72.270, 9.742027E+01
  392,  0.95750,  73.236, 9.825306E+01
  393,  0.96250,  74.259, 9.862488E+01
  394,  0.96750,  75.353, 9.904866E+01
  395,  0.97250,  76.532, 9.961703E+01
  396,  0.97750,  77.823, 1.008081E+02
  397,  0.98250,  79.265, 1.015154E+02
  398,  0.98750,  80.931, 1.012500E+02
  399,  0.99250,  82.978, 1.025635E+02
  400,  0.99750,  85.948, 1.036268E+02
