    i,        x,     lat,         t2m
    1, -0.99750, -85.948, 2.337465E+02
    2, -0.99250, -82.978, 2.373945E+02
    3, -0.98750, -80.931, 2.376473E+02
    4, -0.98250, -79.265, 2.378174E+02
    5, -0.97750, -77.823, 2.392304E+02
    6, -0.97250, -76.532, 2.409177E+02
    7, -0.96750, -75.353, 2.433811E+02
    8, -0.96250, -74.259, 2.454820E+02
    9, -0.95750, -73.236, 2.477682E+02
   10, -0.95250, -72.270, 2.500514E+02
   11, -0.94750, -71.352, 2.526601E+02
   12, -0.94250, -70.476, 2.546626E+02
   13, -0.93750, -69.636, 2.567222E+02
   14, -0.93250, -68.828, 2.587525E+02
   15, -0.92750, -68.048, 2.609188E+02
   16, -0.92250, -67.294, 2.630846E+02
   17, -0.91750, -66.563, 2.648864E+02
   18, -0.91250, -65.853, 2.660840E+02
   19, -0.90750, -65.162, 2.670198E+02
   20, -0.90250, -64.489, 2.678983E+02
   21, -0.89750, -63.831, 2.687793E+02
   22, -0.89250, -63.189, 2.695783E+02
   23, -0.88750, -62.561, 2.702698E+02
   24, -0.88250, -61.945, 2.708844E+02
   25, -0.87750, -61.342, 2.714474E+02
   26, -0.87250, -60.750, 2.719753E+02
   27, -0.86750, -60.169, 2.724638E+02
   28, -0.86250, -59.598, 2.729157E+02
   29, -0.85750, -59.037, 2.733422E+02
   30, -0.85250, -58.485, 2.737466E+02
   31, -0.84750, -57.941, 2.741322E+02
   32, -0.84250, -57.405, 2.745029E+02
   33, -0.83750, -56.877, 2.748611E+02
   34, -0.83250, -56.356, 2.752102E+02
   35, -0.82750, -55.843, 2.755507E+02
   36, -0.82250, -55.336, 2.758643E+02
   37, -0.81750, -54.835, 2.761474E+02
   38, -0.81250, -54.341, 2.764351E+02
   39, -0.80750, -53.852, 2.767377E+02
   40, -0.80250, -53.370, 2.770370E+02
   41, -0.79750, -52.892, 2.773267E+02
   42, -0.79250, -52.420, 2.776100E+02
   43, -0.78750, -51.952, 2.778886E+02
   44, -0.78250, -51.490, 2.781654E+02
   45, -0.77750, -51.032, 2.784427E+02
   46, -0.77250, -50.579, 2.787256E+02
   47, -0.76750, -50.130, 2.790213E+02
   48, -0.76250, -49.685, 2.793266E+02
   49, -0.75750, -49.244, 2.796332E+02
   50, -0.75250, -48.807, 2.799409E+02
   51, -0.74750, -48.374, 2.802538E+02
   52, -0.74250, -47.945, 2.805727E+02
   53, -0.73750, -47.519, 2.808936E+02
   54, -0.73250, -47.096, 2.812139E+02
   55, -0.72750, -46.677, 2.815291E+02
   56, -0.72250, -46.261, 2.818288E+02
   57, -0.71750, -45.848, 2.821146E+02
   58, -0.71250, -45.439, 2.824092E+02
   59, -0.70750, -45.032, 2.827189E+02
   60, -0.70250, -44.628, 2.830391E+02
   61, -0.69750, -44.227, 2.833636E+02
   62, -0.69250, -43.828, 2.836915E+02
   63, -0.68750, -43.433, 2.840158E+02
   64, -0.68250, -43.039, 2.843349E+02
   65, -0.67750, -42.649, 2.846459E+02
   66, -0.67250, -42.260, 2.849443E+02
   67, -0.66750, -41.874, 2.852315E+02
   68, -0.66250, -41.491, 2.855301E+02
   69, -0.65750, -41.109, 2.858473E+02
   70, -0.65250, -40.730, 2.861724E+02
   71, -0.64750, -40.353, 2.864755E+02
   72, -0.64250, -39.978, 2.867548E+02
   73, -0.63750, -39.606, 2.870172E+02
   74, -0.63250, -39.235, 2.872685E+02
   75, -0.62750, -38.866, 2.875086E+02
   76, -0.62250, -38.499, 2.877372E+02
   77, -0.61750, -38.134, 2.879539E+02
   78, -0.61250, -37.770, 2.881624E+02
   79, -0.60750, -37.409, 2.883754E+02
   80, -0.60250, -37.049, 2.885943E+02
   81, -0.59750, -36.691, 2.888169E+02
   82, -0.59250, -36.335, 2.890397E+02
   83, -0.58750, -35.980, 2.892624E+02
   84, -0.58250, -35.627, 2.894801E+02
   85, -0.57750, -35.275, 2.896886E+02
   86, -0.57250, -34.925, 2.898879E+02
   87, -0.56750, -34.576, 2.900774E+02
   88, -0.56250, -34.229, 2.902569E+02
   89, -0.55750, -33.883, 2.904273E+02
   90, -0.55250, -33.539, 2.906019E+02
   91, -0.54750, -33.196, 2.907845E+02
   92, -0.54250, -32.854, 2.909737E+02
   93, -0.53750, -32.514, 2.911564E+02
   94, -0.53250, -32.175, 2.913295E+02
   95, -0.52750, -31.837, 2.914954E+02
   96, -0.52250, -31.500, 2.916678E+02
   97, -0.51750, -31.165, 2.918494E+02
   98, -0.51250, -30.830, 2.920381E+02
   99, -0.50750, -30.497, 2.922225E+02
  100, -0.50250, -30.166, 2.924008E+02
  101, -0.49750, -29.835, 2.925736E+02
  102, -0.49250, -29.505, 2.927446E+02
  103, -0.48750, -29.176, 2.929143E+02
  104, -0.48250, -28.849, 2.930818E+02
  105, -0.47750, -28.522, 2.932406E+02
  106, -0.47250, -28.197, 2.933892E+02
  107, -0.46750, -27.872, 2.935279E+02
  108, -0.46250, -27.549, 2.936592E+02
  109, -0.45750, -27.226, 2.937835E+02
  110, -0.45250, -26.904, 2.939020E+02
  111, -0.44750, -26.583, 2.940307E+02
  112, -0.44250, -26.264, 2.941755E+02
  113, -0.43750, -25.944, 2.943358E+02
  114, -0.43250, -25.626, 2.944952E+02
  115, -0.42750, -25.309, 2.946447E+02
  116, -0.42250, -24.993, 2.947843E+02
  117, -0.41750, -24.677, 2.949169E+02
  118, -0.41250, -24.362, 2.950448E+02
  119, -0.40750, -24.048, 2.951683E+02
  120, -0.40250, -23.735, 2.952854E+02
  121, -0.39750, -23.422, 2.953931E+02
  122, -0.39250, -23.110, 2.954913E+02
  123, -0.38750, -22.799, 2.955833E+02
  124, -0.38250, -22.489, 2.956808E+02
  125, -0.37750, -22.179, 2.957850E+02
  126, -0.37250, -21.870, 2.958944E+02
  127, -0.36750, -21.562, 2.959984E+02
  128, -0.36250, -21.254, 2.960945E+02
  129, -0.35750, -20.947, 2.961827E+02
  130, -0.35250, -20.640, 2.962666E+02
  131, -0.34750, -20.334, 2.963479E+02
  132, -0.34250, -20.029, 2.964266E+02
  133, -0.33750, -19.725, 2.965050E+02
  134, -0.33250, -19.421, 2.965860E+02
  135, -0.32750, -19.117, 2.966699E+02
  136, -0.32250, -18.814, 2.967547E+02
  137, -0.31750, -18.512, 2.968337E+02
  138, -0.31250, -18.210, 2.969061E+02
  139, -0.30750, -17.909, 2.969725E+02
  140, -0.30250, -17.608, 2.970418E+02
  141, -0.29750, -17.308, 2.971170E+02
  142, -0.29250, -17.008, 2.971982E+02
  143, -0.28750, -16.708, 2.972776E+02
  144, -0.28250, -16.409, 2.973468E+02
  145, -0.27750, -16.111, 2.974058E+02
  146, -0.27250, -15.813, 2.974536E+02
  147, -0.26750, -15.516, 2.974870E+02
  148, -0.26250, -15.218, 2.975057E+02
  149, -0.25750, -14.922, 2.975111E+02
  150, -0.25250, -14.625, 2.975338E+02
  151, -0.24750, -14.330, 2.975857E+02
  152, -0.24250, -14.034, 2.976667E+02
  153, -0.23750, -13.739, 2.977654E+02
  154, -0.23250, -13.444, 2.978638E+02
  155, -0.22750, -13.150, 2.979616E+02
  156, -0.22250, -12.856, 2.980570E+02
  157, -0.21750, -12.562, 2.981384E+02
  158, -0.21250, -12.269, 2.982037E+02
  159, -0.20750, -11.976, 2.982532E+02
  160, -0.20250, -11.683, 2.982982E+02
  161, -0.19750, -11.391, 2.983472E+02
  162, -0.19250, -11.099, 2.984003E+02
  163, -0.18750, -10.807, 2.984549E+02
  164, -0.18250, -10.515, 2.985028E+02
  165, -0.17750, -10.224, 2.985434E+02
  166, -0.17250,  -9.933, 2.985770E+02
  167, -0.16750,  -9.642, 2.986134E+02
  168, -0.16250,  -9.352, 2.986571E+02
  169, -0.15750,  -9.062, 2.987080E+02
  170, -0.15250,  -8.772, 2.987622E+02
  171, -0.14750,  -8.482, 2.988110E+02
  172, -0.14250,  -8.193, 2.988542E+02
  173, -0.13750,  -7.903, 2.988919E+02
  174, -0.13250,  -7.614, 2.989255E+02
  175, -0.12750,  -7.325, 2.989555E+02
  176, -0.12250,  -7.036, 2.989818E+02
  177, -0.11750,  -6.748, 2.990062E+02
  178, -0.11250,  -6.459, 2.990313E+02
  179, -0.10750,  -6.171, 2.990571E+02
  180, -0.10250,  -5.883, 2.990835E+02
  181, -0.09750,  -5.595, 2.991088E+02
  182, -0.09250,  -5.307, 2.991327E+02
  183, -0.08750,  -5.020, 2.991550E+02
  184, -0.08250,  -4.732, 2.991695E+02
  185, -0.07750,  -4.445, 2.991678E+02
  186, -0.07250,  -4.158, 2.991498E+02
  187, -0.06750,  -3.870, 2.991190E+02
  188, -0.06250,  -3.583, 2.990996E+02
  189, -0.05750,  -3.296, 2.990965E+02
  190, -0.05250,  -3.009, 2.991098E+02
  191, -0.04750,  -2.723, 2.991244E+02
  192, -0.04250,  -2.436, 2.991234E+02
  193, -0.03750,  -2.149, 2.991067E+02
  194, -0.03250,  -1.862, 2.990771E+02
  195, -0.02750,  -1.576, 2.990535E+02
  196, -0.02250,  -1.289, 2.990391E+02
  197, -0.01750,  -1.003, 2.990340E+02
  198, -0.01250,  -0.716, 2.990344E+02
  199, -0.00750,  -0.430, 2.990364E+02
  200, -0.00250,  -0.143, 2.990400E+02
  201,  0.00250,   0.143, 2.990474E+02
  202,  0.00750,   0.430, 2.990709E+02
  203,  0.01250,   0.716, 2.991129E+02
  204,  0.01750,   1.003, 2.991731E+02
  205,  0.02250,   1.289, 2.992367E+02
  206,  0.02750,   1.576, 2.992893E+02
  207,  0.03250,   1.862, 2.993309E+02
  208,  0.03750,   2.149, 2.993632E+02
  209,  0.04250,   2.436, 2.993962E+02
  210,  0.04750,   2.723, 2.994314E+02
  211,  0.05250,   3.009, 2.994686E+02
  212,  0.05750,   3.296, 2.995003E+02
  213,  0.06250,   3.583, 2.995194E+02
  214,  0.06750,   3.870, 2.995261E+02
  215,  0.07250,   4.158, 2.995234E+02
  216,  0.07750,   4.445, 2.995264E+02
  217,  0.08250,   4.732, 2.995373E+02
  218,  0.08750,   5.020, 2.995560E+02
  219,  0.09250,   5.307, 2.995748E+02
  220,  0.09750,   5.595, 2.995878E+02
  221,  0.10250,   5.883, 2.995950E+02
  222,  0.10750,   6.171, 2.995990E+02
  223,  0.11250,   6.459, 2.996106E+02
  224,  0.11750,   6.748, 2.996313E+02
  225,  0.12250,   7.036, 2.996607E+02
  226,  0.12750,   7.325, 2.996914E+02
  227,  0.13250,   7.614, 2.997187E+02
  228,  0.13750,   7.903, 2.997425E+02
  229,  0.14250,   8.193, 2.997618E+02
  230,  0.14750,   8.482, 2.997729E+02
  231,  0.15250,   8.772, 2.997757E+02
  232,  0.15750,   9.062, 2.997706E+02
  233,  0.16250,   9.352, 2.997710E+02
  234,  0.16750,   9.642, 2.997832E+02
  235,  0.17250,   9.933, 2.998073E+02
  236,  0.17750,  10.224, 2.998394E+02
  237,  0.18250,  10.515, 2.998711E+02
  238,  0.18750,  10.807, 2.999021E+02
  239,  0.19250,  11.099, 2.999319E+02
  240,  0.19750,  11.391, 2.999546E+02
  241,  0.20250,  11.683, 2.999685E+02
  242,  0.20750,  11.976, 2.999735E+02
  243,  0.21250,  12.269, 2.999743E+02
  244,  0.21750,  12.562, 2.999770E+02
  245,  0.22250,  12.856, 2.999818E+02
  246,  0.22750,  13.150, 2.999844E+02
  247,  0.23250,  13.444, 2.999604E+02
  248,  0.23750,  13.739, 2.999059E+02
  249,  0.24250,  14.034, 2.998213E+02
  250,  0.24750,  14.330, 2.997394E+02
  251,  0.25250,  14.625, 2.996815E+02
  252,  0.25750,  14.922, 2.996475E+02
  253,  0.26250,  15.218, 2.996297E+02
  254,  0.26750,  15.516, 2.996082E+02
  255,  0.27250,  15.813, 2.995820E+02
  256,  0.27750,  16.111, 2.995506E+02
  257,  0.28250,  16.409, 2.995082E+02
  258,  0.28750,  16.708, 2.994534E+02
  259,  0.29250,  17.008, 2.993862E+02
  260,  0.29750,  17.308, 2.993170E+02
  261,  0.30250,  17.608, 2.992553E+02
  262,  0.30750,  17.909, 2.992010E+02
  263,  0.31250,  18.210, 2.991440E+02
  264,  0.31750,  18.512, 2.990547E+02
  265,  0.32250,  18.814, 2.989313E+02
  266,  0.32750,  19.117, 2.987790E+02
  267,  0.33250,  19.421, 2.986495E+02
  268,  0.33750,  19.725, 2.985558E+02
  269,  0.34250,  20.029, 2.984977E+02
  270,  0.34750,  20.334, 2.984435E+02
  271,  0.35250,  20.640, 2.983715E+02
  272,  0.35750,  20.947, 2.982817E+02
  273,  0.36250,  21.254, 2.981800E+02
  274,  0.36750,  21.562, 2.980774E+02
  275,  0.37250,  21.870, 2.979741E+02
  276,  0.37750,  22.179, 2.978672E+02
  277,  0.38250,  22.489, 2.977438E+02
  278,  0.38750,  22.799, 2.976024E+02
  279,  0.39250,  23.110, 2.974454E+02
  280,  0.39750,  23.422, 2.973025E+02
  281,  0.40250,  23.735, 2.971819E+02
  282,  0.40750,  24.048, 2.970832E+02
  283,  0.41250,  24.362, 2.969834E+02
  284,  0.41750,  24.677, 2.968692E+02
  285,  0.42250,  24.993, 2.967408E+02
  286,  0.42750,  25.309, 2.966127E+02
  287,  0.43250,  25.626, 2.965009E+02
  288,  0.43750,  25.944, 2.964054E+02
  289,  0.44250,  26.264, 2.962965E+02
  290,  0.44750,  26.583, 2.961189E+02
  291,  0.45250,  26.904, 2.958713E+02
  292,  0.45750,  27.226, 2.955624E+02
  293,  0.46250,  27.549, 2.952171E+02
  294,  0.46750,  27.872, 2.948370E+02
  295,  0.47250,  28.197, 2.944390E+02
  296,  0.47750,  28.522, 2.940905E+02
  297,  0.48250,  28.849, 2.937986E+02
  298,  0.48750,  29.176, 2.935503E+02
  299,  0.49250,  29.505, 2.932798E+02
  300,  0.49750,  29.835, 2.929778E+02
  301,  0.50250,  30.166, 2.926552E+02
  302,  0.50750,  30.497, 2.923765E+02
  303,  0.51250,  30.830, 2.921523E+02
  304,  0.51750,  31.165, 2.919717E+02
  305,  0.52250,  31.500, 2.917692E+02
  306,  0.52750,  31.837, 2.915335E+02
  307,  0.53250,  32.175, 2.912627E+02
  308,  0.53750,  32.514, 2.909459E+02
  309,  0.54250,  32.854, 2.905812E+02
  310,  0.54750,  33.196, 2.901898E+02
  311,  0.55250,  33.539, 2.898660E+02
  312,  0.55750,  33.883, 2.896211E+02
  313,  0.56250,  34.229, 2.894153E+02
  314,  0.56750,  34.576, 2.891186E+02
  315,  0.57250,  34.925, 2.887209E+02
  316,  0.57750,  35.275, 2.883014E+02
  317,  0.58250,  35.627, 2.880296E+02
  318,  0.58750,  35.980, 2.879112E+02
  319,  0.59250,  36.335, 2.878738E+02
  320,  0.59750,  36.691, 2.878291E+02
  321,  0.60250,  37.049, 2.877760E+02
  322,  0.60750,  37.409, 2.876702E+02
  323,  0.61250,  37.770, 2.874855E+02
  324,  0.61750,  38.134, 2.872310E+02
  325,  0.62250,  38.499, 2.870041E+02
  326,  0.62750,  38.866, 2.868311E+02
  327,  0.63250,  39.235, 2.866947E+02
  328,  0.63750,  39.606, 2.865334E+02
  329,  0.64250,  39.978, 2.863418E+02
  330,  0.64750,  40.353, 2.860975E+02
  331,  0.65250,  40.730, 2.857728E+02
  332,  0.65750,  41.109, 2.853708E+02
  333,  0.66250,  41.491, 2.849415E+02
  334,  0.66750,  41.874, 2.845023E+02
  335,  0.67250,  42.260, 2.840802E+02
  336,  0.67750,  42.649, 2.837589E+02
  337,  0.68250,  43.039, 2.835439E+02
  338,  0.68750,  43.433, 2.833567E+02
  339,  0.69250,  43.828, 2.831450E+02
  340,  0.69750,  44.227, 2.829050E+02
  341,  0.70250,  44.628, 2.826209E+02
  342,  0.70750,  45.032, 2.822907E+02
  343,  0.71250,  45.439, 2.819245E+02
  344,  0.71750,  45.848, 2.815294E+02
  345,  0.72250,  46.261, 2.811216E+02
  346,  0.72750,  46.677, 2.807596E+02
  347,  0.73250,  47.096, 2.804470E+02
  348,  0.73750,  47.519, 2.801397E+02
  349,  0.74250,  47.945, 2.798188E+02
  350,  0.74750,  48.374, 2.795010E+02
  351,  0.75250,  48.807, 2.792129E+02
  352,  0.75750,  49.244, 2.789456E+02
  353,  0.76250,  49.685, 2.786571E+02
  354,  0.76750,  50.130, 2.783458E+02
  355,  0.77250,  50.579, 2.780742E+02
  356,  0.77750,  51.032, 2.778638E+02
  357,  0.78250,  51.490, 2.776687E+02
  358,  0.78750,  51.952, 2.774550E+02
  359,  0.79250,  52.420, 2.772379E+02
  360,  0.79750,  52.892, 2.770397E+02
  361,  0.80250,  53.370, 2.768535E+02
  362,  0.80750,  53.852, 2.766638E+02
  363,  0.81250,  54.341, 2.764698E+02
  364,  0.81750,  54.835, 2.762709E+02
  365,  0.82250,  55.336, 2.760550E+02
  366,  0.82750,  55.843, 2.757833E+02
  367,  0.83250,  56.356, 2.754776E+02
  368,  0.83750,  56.877, 2.752098E+02
  369,  0.84250,  57.405, 2.749798E+02
  370,  0.84750,  57.941, 2.747772E+02
  371,  0.85250,  58.485, 2.745363E+02
  372,  0.85750,  59.037, 2.741612E+02
  373,  0.86250,  59.598, 2.736350E+02
  374,  0.86750,  60.169, 2.729548E+02
  375,  0.87250,  60.750, 2.722618E+02
  376,  0.87750,  61.342, 2.716211E+02
  377,  0.88250,  61.945, 2.711049E+02
  378,  0.88750,  62.561, 2.706382E+02
  379,  0.89250,  63.189, 2.701053E+02
  380,  0.89750,  63.831, 2.694853E+02
  381,  0.90250,  64.489, 2.688475E+02
  382,  0.90750,  65.162, 2.683731E+02
  383,  0.91250,  65.853, 2.679088E+02
  384,  0.91750,  66.563, 2.673503E+02
  385,  0.92250,  67.294, 2.666545E+02
  386,  0.92750,  68.048, 2.661165E+02
  387,  0.93250,  68.828, 2.656877E+02
  388,  0.93750,  69.636, 2.653451E+02
  389,  0.94250,  70.476, 2.651401E+02
  390,  0.94750,  71.352, 2.646593E+02
  391,  0.95250,  72.270, 2.640489E+02
  392,  0.95750,  73.236, 2.636319E+02
  393,  0.96250,  74.259, 2.633253E+02
  394,  0.96750,  75.353, 2.624964E+02
  395,  0.97250,  76.532, 2.620527E+02
  396,  0.97750,  77.823, 2.613869E+02
  397,  0.98250,  79.265, 2.605964E+02
  398,  0.98750,  80.931, 2.602931E+02
  399,  0.99250,  82.978, 2.600833E+02
  400,  0.99750,  85.948, 2.600107E+02
